{
    "T":0.5,

    "Ns":2400,
    "F":100,
    "conversion_price":42.79,
    "S0":52.75,
    
    "sigma":0.3034,
    "final_coupon_rate":0.015,
    "q":0,
    "p":0,
    "R":1,
    "eta":0,
    "no_call_time":[0,3],
    "no_put_time":[0,3],
    "no_convert_time":[2,3],
    "Bc_star":100000,
    "theta":1,
    "coupon_time_rate":[0.015,0.015,0.015,0,0,0,0,0,0,0,0,0],
    "risk_free_rate": [1,0.999691000000000,0.999233000000000,0.99081900000000,0.982017000000000,0.973488000000000],
    "rate_T":[0.500000000000000,0.491666666666667,0.480555555555556,0.244444444444444,-0.00555555555555556,-0.250000000000000],
    "dtime":0.33

}